district_name,village_code,crop_name,season,area_hectares,production_tonnes,yield_per_hectare,year
Bankura,3130101,Rice (Aman),KHARIF,510,1530,3,2023
Bankura,3130101,Rice (Boro),RABI,461,1659.6,3.6,2023
Bankura,3130101,Mustard,RABI,353,476.6,1.35,2023
Bankura,3130101,Potato,RABI,463,10417.5,22.5,2023
Bankura,3130101,Wheat,RABI,470,1457,3.1,2023
Bankura,3130101,Vegetables (Mixed),WHOLE_YEAR,68,986,14.5,2023
Bankura,3130201,Rice (Aman),KHARIF,355,1065,3,2023
Bankura,3130201,Mustard,RABI,262,353.7,1.35,2023
Bankura,3130201,Potato,RABI,481,10822.5,22.5,2023
Bankura,3130201,Vegetables (Mixed),WHOLE_YEAR,100,1450,14.5,2023
Bankura,3130301,Rice (Aman),KHARIF,253.1,759.3,3,2023
Bankura,3130301,Rice (Boro),RABI,375.9,1353.2,3.6,2023
Bankura,3130301,Mustard,RABI,266.7,360,1.35,2023
Bankura,3130301,Wheat,RABI,527.1,1634,3.1,2023
Bankura,3130301,Mango,ZAID,98,833,8.5,2023
Bankura,3130401,Rice (Aman),KHARIF,233.6,700.8,3,2023
Bankura,3130401,Mustard,RABI,360.8,487.1,1.35,2023
Bankura,3130401,Wheat,RABI,387.2,1200.3,3.1,2023
Bankura,3130401,Pulses (Gram),RABI,124,148.8,1.2,2023
Bankura,3130401,Vegetables (Mixed),WHOLE_YEAR,122,1769,14.5,2023
Bankura,3130501,Rice (Aman),KHARIF,370,1110,3,2023
Bankura,3130501,Mustard,RABI,278,375.3,1.35,2023
Bankura,3130501,Potato,RABI,395,8887.5,22.5,2023
Bankura,3130501,Wheat,RABI,366,1134.6,3.1,2023
Bankura,3130601,Rice (Aman),KHARIF,318.8,956.4,3,2023
Bankura,3130601,Mustard,RABI,354.5,478.6,1.35,2023
Bankura,3130601,Pulses (Gram),RABI,180,216,1.2,2023
Bankura,3130601,Vegetables (Mixed),WHOLE_YEAR,120,1740,14.5,2023
Bankura,3130701,Rice (Aman),KHARIF,511,1533,3,2023
Bankura,3130701,Rice (Boro),RABI,343,1234.8,3.6,2023
Bankura,3130701,Mustard,RABI,229,309.2,1.35,2023
Bankura,3130701,Potato,RABI,296,6660,22.5,2023
Bankura,3130801,Rice (Aman),KHARIF,459.9,1379.7,3,2023
Bankura,3130801,Rice (Boro),RABI,467.3,1682.3,3.6,2023
Bankura,3130801,Mustard,RABI,288.8,389.9,1.35,2023
Bankura,3130801,Potato,RABI,534.5,12026.3,22.5,2023
Bankura,3130801,Wheat,RABI,372.8,1155.7,3.1,2023
Bankura,3130801,Vegetables (Mixed),WHOLE_YEAR,115,1667.5,14.5,2023
Bankura,3130901,Rice (Aman),KHARIF,282.4,847.2,3,2023
Bankura,3130901,Mustard,RABI,335.2,452.5,1.35,2023
Bankura,3130901,Wheat,RABI,186.4,577.8,3.1,2023
Bankura,3130901,Groundnut,RABI,154,246.4,1.6,2023
Bankura,3131001,Rice (Aman),KHARIF,231,693,3,2023
Bankura,3131001,Rice (Boro),RABI,477.8,1720.1,3.6,2023
Bankura,3131001,Mustard,RABI,390.6,527.3,1.35,2023
Bankura,3131001,Mango,ZAID,63,535.5,8.5,2023
Bankura,3131001,Vegetables (Mixed),WHOLE_YEAR,77,1116.5,14.5,2023
Bankura,3131101,Rice (Aman),KHARIF,394.3,1182.9,3,2023
Bankura,3131101,Rice (Boro),RABI,322.1,1159.6,3.6,2023
Bankura,3131101,Mango,ZAID,128,1088,8.5,2023
Bankura,3131101,Vegetables (Mixed),WHOLE_YEAR,111,1609.5,14.5,2023
Bankura,3131101,Potato,RABI,295.5,6648.8,22.5,2023
Bankura,3131201,Rice (Aman),KHARIF,464,1392,3,2023
Bankura,3131201,Potato,RABI,483,10867.5,22.5,2023
Bankura,3131201,Mango,ZAID,104,884,8.5,2023
Bankura,3131201,Vegetables (Mixed),WHOLE_YEAR,109,1580.5,14.5,2023
Bankura,3131301,Rice (Aman),KHARIF,313,939,3,2023
Bankura,3131301,Mustard,RABI,268,361.8,1.35,2023
Bankura,3131301,Potato,RABI,361,8122.5,22.5,2023
Bankura,3131301,Mango,ZAID,67,569.5,8.5,2023
Bankura,3131401,Rice (Aman),KHARIF,435,1305,3,2023
Bankura,3131401,Potato,RABI,229,5152.5,22.5,2023
Bankura,3131401,Mango,ZAID,125,1062.5,8.5,2023
Bankura,3131401,Vegetables (Mixed),WHOLE_YEAR,68,986,14.5,2023
Bankura,3131501,Rice (Aman),KHARIF,224,672,3,2023
Bankura,3131501,Mustard,RABI,495,668.3,1.35,2023
Bankura,3131501,Potato,RABI,407,9157.5,22.5,2023
Bankura,3131501,Mango,ZAID,75,637.5,8.5,2023
Bankura,3131601,Rice (Aman),KHARIF,198.8,596.4,3,2023
Bankura,3131601,Mustard,RABI,361.2,487.6,1.35,2023
Bankura,3131601,Wheat,RABI,198.8,616.3,3.1,2023
Bankura,3131601,Pulses (Gram),RABI,129,154.8,1.2,2023
Bankura,3131701,Rice (Aman),KHARIF,237.2,711.6,3,2023
Bankura,3131701,Rice (Boro),RABI,310.3,1117.1,3.6,2023
Bankura,3131701,Mustard,RABI,390.2,526.8,1.35,2023
Bankura,3131701,Wheat,RABI,411.4,1275.3,3.1,2023
Bankura,3131801,Rice (Aman),KHARIF,293.2,879.6,3,2023
Bankura,3131801,Mustard,RABI,180.1,243.1,1.35,2023
Bankura,3131801,Pulses (Gram),RABI,122,146.4,1.2,2023
Bankura,3131901,Rice (Aman),KHARIF,226.2,678.6,3,2023
Bankura,3131901,Mustard,RABI,273,368.6,1.35,2023
Bankura,3131901,Wheat,RABI,226.2,701.2,3.1,2023
Bankura,3132001,Rice (Aman),KHARIF,306,918,3,2023
Bankura,3132001,Mustard,RABI,385.5,520.4,1.35,2023
Bankura,3132001,Pulses (Gram),RABI,121,145.2,1.2,2023
Bankura,3132001,Vegetables (Mixed),WHOLE_YEAR,67,971.5,14.5,2023
Bankura,3132101,Rice (Aman),KHARIF,330.3,990.9,3,2023
Bankura,3132101,Rice (Boro),RABI,401.4,1445,3.6,2023
Bankura,3132101,Mustard,RABI,433.8,585.6,1.35,2023
Bankura,3132101,Potato,RABI,351,7897.5,22.5,2023
Bankura,3132101,Wheat,RABI,212.4,658.4,3.1,2023
Bankura,3132201,Rice (Aman),KHARIF,299.7,899.1,3,2023
Bankura,3132201,Mustard,RABI,238.5,322,1.35,2023
Bankura,3132201,Wheat,RABI,287.1,890,3.1,2023
Bankura,3132201,Pulses (Gram),RABI,146,175.2,1.2,2023
