village_code,animal_type,total_count,milk_producing,census_year
3130101,Cattle,222,103,2019
3130101,Buffalo,109,55,2019
3130101,Goat,526,0,2019
3130101,Poultry,6257,0,2019
3130102,Cattle,353,154,2019
3130102,Buffalo,108,41,2019
3130102,Goat,580,0,2019
3130102,Poultry,7944,0,2019
3130103,Cattle,788,294,2019
3130103,Buffalo,45,16,2019
3130103,Goat,527,0,2019
3130103,Poultry,5586,0,2019
3130201,Cattle,727,340,2019
3130201,Buffalo,23,13,2019
3130201,Goat,445,0,2019
3130201,Poultry,8019,0,2019
3130202,Cattle,268,100,2019
3130202,Buffalo,114,40,2019
3130202,Goat,152,0,2019
3130202,Poultry,5244,0,2019
3130203,Cattle,442,211,2019
3130203,Buffalo,56,29,2019
3130203,Goat,533,0,2019
3130203,Poultry,6511,0,2019
3130301,Cattle,350,134,2019
3130301,Buffalo,78,31,2019
3130301,Goat,427,0,2019
3130301,Poultry,3088,0,2019
3130302,Cattle,567,250,2019
3130302,Buffalo,53,28,2019
3130302,Goat,192,0,2019
3130302,Poultry,5887,0,2019
3130303,Cattle,738,238,2019
3130303,Buffalo,95,41,2019
3130303,Goat,474,0,2019
3130303,Poultry,2170,0,2019
3130401,Cattle,754,294,2019
3130401,Buffalo,159,61,2019
3130401,Goat,142,0,2019
3130401,Poultry,1504,0,2019
3130401,Sheep,154,0,2019
3130402,Cattle,426,173,2019
3130402,Buffalo,72,34,2019
3130402,Goat,468,0,2019
3130402,Poultry,4454,0,2019
3130402,Sheep,95,0,2019
3130403,Cattle,779,314,2019
3130403,Buffalo,43,23,2019
3130403,Goat,141,0,2019
3130403,Poultry,5591,0,2019
3130403,Sheep,156,0,2019
3130501,Cattle,715,312,2019
3130501,Buffalo,114,42,2019
3130501,Goat,205,0,2019
3130501,Poultry,4610,0,2019
3130502,Cattle,678,237,2019
3130502,Buffalo,93,48,2019
3130502,Goat,557,0,2019
3130502,Poultry,3274,0,2019
3130503,Cattle,785,333,2019
3130503,Buffalo,42,19,2019
3130503,Goat,517,0,2019
3130503,Poultry,4900,0,2019
3130601,Cattle,339,131,2019
3130601,Buffalo,148,62,2019
3130601,Goat,347,0,2019
3130601,Poultry,5957,0,2019
3130601,Sheep,216,0,2019
3130602,Cattle,358,163,2019
3130602,Buffalo,134,64,2019
3130602,Goat,469,0,2019
3130602,Poultry,4819,0,2019
3130602,Sheep,82,0,2019
3130603,Cattle,531,239,2019
3130603,Buffalo,129,69,2019
3130603,Goat,537,0,2019
3130603,Poultry,7129,0,2019
3130603,Sheep,208,0,2019
3130701,Cattle,492,228,2019
3130701,Buffalo,93,41,2019
3130701,Goat,441,0,2019
3130701,Poultry,5971,0,2019
3130702,Cattle,579,186,2019
3130702,Buffalo,12,6,2019
3130702,Goat,410,0,2019
3130702,Poultry,5167,0,2019
3130703,Cattle,510,173,2019
3130703,Buffalo,70,26,2019
3130703,Goat,636,0,2019
3130703,Poultry,1622,0,2019
3130801,Cattle,690,339,2019
3130801,Buffalo,35,18,2019
3130801,Goat,284,0,2019
3130801,Poultry,2373,0,2019
3130802,Cattle,403,155,2019
3130802,Buffalo,64,35,2019
3130802,Goat,482,0,2019
3130802,Poultry,7936,0,2019
3130803,Cattle,187,78,2019
3130803,Buffalo,115,56,2019
3130803,Goat,325,0,2019
3130803,Poultry,7592,0,2019
3130901,Cattle,688,226,2019
3130901,Buffalo,131,66,2019
3130901,Goat,395,0,2019
3130901,Poultry,4129,0,2019
3130901,Sheep,207,0,2019
3130902,Cattle,616,278,2019
3130902,Buffalo,51,25,2019
3130902,Goat,283,0,2019
3130902,Poultry,3866,0,2019
3130902,Sheep,257,0,2019
3130903,Cattle,567,223,2019
3130903,Buffalo,112,55,2019
3130903,Goat,312,0,2019
3130903,Poultry,4165,0,2019
3130903,Sheep,43,0,2019
3131001,Cattle,665,267,2019
3131001,Buffalo,20,11,2019
3131001,Goat,513,0,2019
3131001,Poultry,5778,0,2019
3131002,Cattle,718,357,2019
3131002,Buffalo,97,40,2019
3131002,Goat,141,0,2019
3131002,Poultry,2056,0,2019
3131003,Cattle,572,206,2019
3131003,Buffalo,119,46,2019
3131003,Goat,371,0,2019
3131003,Poultry,5817,0,2019
3131101,Cattle,420,187,2019
3131101,Buffalo,21,7,2019
3131101,Goat,194,0,2019
3131101,Poultry,4985,0,2019
3131102,Cattle,302,126,2019
3131102,Buffalo,22,12,2019
3131102,Goat,248,0,2019
3131102,Poultry,7828,0,2019
3131103,Cattle,458,155,2019
3131103,Buffalo,32,11,2019
3131103,Goat,280,0,2019
3131103,Poultry,3063,0,2019
3131201,Cattle,486,193,2019
3131201,Buffalo,15,8,2019
3131201,Goat,310,0,2019
3131201,Poultry,3467,0,2019
3131202,Cattle,438,217,2019
3131202,Buffalo,107,53,2019
3131202,Goat,589,0,2019
3131202,Poultry,7414,0,2019
3131203,Cattle,637,289,2019
3131203,Buffalo,86,41,2019
3131203,Goat,191,0,2019
3131203,Poultry,5940,0,2019
3131301,Cattle,687,308,2019
3131301,Buffalo,46,20,2019
3131301,Goat,331,0,2019
3131301,Poultry,6029,0,2019
3131302,Cattle,710,244,2019
3131302,Buffalo,104,49,2019
3131302,Goat,466,0,2019
3131302,Poultry,1464,0,2019
3131303,Cattle,411,136,2019
3131303,Buffalo,72,36,2019
3131303,Goat,377,0,2019
3131303,Poultry,5674,0,2019
3131401,Cattle,659,327,2019
3131401,Buffalo,82,38,2019
3131401,Goat,424,0,2019
3131401,Poultry,2418,0,2019
3131402,Cattle,551,269,2019
3131402,Buffalo,32,13,2019
3131402,Goat,252,0,2019
3131402,Poultry,7419,0,2019
3131403,Cattle,369,180,2019
3131403,Buffalo,19,10,2019
3131403,Goat,369,0,2019
3131403,Poultry,6631,0,2019
3131501,Cattle,289,105,2019
3131501,Buffalo,24,12,2019
3131501,Goat,252,0,2019
3131501,Poultry,2940,0,2019
3131502,Cattle,729,317,2019
3131502,Buffalo,29,10,2019
3131502,Goat,408,0,2019
3131502,Poultry,6842,0,2019
3131503,Cattle,448,181,2019
3131503,Buffalo,78,39,2019
3131503,Goat,448,0,2019
3131503,Poultry,3604,0,2019
3131601,Cattle,585,265,2019
3131601,Buffalo,95,47,2019
3131601,Goat,401,0,2019
3131601,Poultry,3936,0,2019
3131601,Sheep,300,0,2019
3131602,Cattle,817,408,2019
3131602,Buffalo,33,17,2019
3131602,Goat,278,0,2019
3131602,Poultry,7420,0,2019
3131602,Sheep,243,0,2019
3131603,Cattle,575,251,2019
3131603,Buffalo,86,32,2019
3131603,Goat,253,0,2019
3131603,Poultry,5638,0,2019
3131603,Sheep,175,0,2019
3131701,Cattle,223,72,2019
3131701,Buffalo,65,36,2019
3131701,Goat,404,0,2019
3131701,Poultry,3912,0,2019
3131701,Sheep,232,0,2019
3131702,Cattle,370,141,2019
3131702,Buffalo,98,36,2019
3131702,Goat,521,0,2019
3131702,Poultry,2117,0,2019
3131702,Sheep,168,0,2019
3131703,Cattle,387,185,2019
3131703,Buffalo,88,44,2019
3131703,Goat,229,0,2019
3131703,Poultry,2919,0,2019
3131703,Sheep,99,0,2019
3131801,Cattle,747,373,2019
3131801,Buffalo,115,44,2019
3131801,Goat,537,0,2019
3131801,Poultry,7310,0,2019
3131801,Sheep,49,0,2019
3131802,Cattle,704,302,2019
3131802,Buffalo,128,54,2019
3131802,Goat,519,0,2019
3131802,Poultry,5919,0,2019
3131802,Sheep,217,0,2019
3131803,Cattle,359,153,2019
3131803,Buffalo,82,42,2019
3131803,Goat,264,0,2019
3131803,Poultry,5033,0,2019
3131803,Sheep,279,0,2019
3131901,Cattle,352,152,2019
3131901,Buffalo,118,58,2019
3131901,Goat,392,0,2019
3131901,Poultry,2062,0,2019
3131901,Sheep,43,0,2019
3131902,Cattle,344,149,2019
3131902,Buffalo,154,57,2019
3131902,Goat,306,0,2019
3131902,Poultry,5751,0,2019
3131902,Sheep,134,0,2019
3131903,Cattle,648,311,2019
3131903,Buffalo,83,35,2019
3131903,Goat,290,0,2019
3131903,Poultry,2044,0,2019
3131903,Sheep,256,0,2019
3132001,Cattle,351,146,2019
3132001,Buffalo,44,17,2019
3132001,Goat,182,0,2019
3132001,Poultry,7467,0,2019
3132001,Sheep,303,0,2019
3132002,Cattle,743,329,2019
3132002,Buffalo,123,44,2019
3132002,Goat,465,0,2019
3132002,Poultry,4230,0,2019
3132002,Sheep,64,0,2019
3132003,Cattle,600,252,2019
3132003,Buffalo,48,17,2019
3132003,Goat,244,0,2019
3132003,Poultry,4911,0,2019
3132003,Sheep,79,0,2019
3132101,Cattle,376,165,2019
3132101,Buffalo,123,61,2019
3132101,Goat,519,0,2019
3132101,Poultry,1689,0,2019
3132101,Sheep,292,0,2019
3132102,Cattle,706,317,2019
3132102,Buffalo,145,53,2019
3132102,Goat,151,0,2019
3132102,Poultry,5729,0,2019
3132102,Sheep,311,0,2019
3132103,Cattle,328,118,2019
3132103,Buffalo,119,48,2019
3132103,Goat,362,0,2019
3132103,Poultry,2158,0,2019
3132103,Sheep,215,0,2019
3132201,Cattle,593,238,2019
3132201,Buffalo,137,58,2019
3132201,Goat,395,0,2019
3132201,Poultry,6241,0,2019
3132201,Sheep,128,0,2019
3132202,Cattle,656,229,2019
3132202,Buffalo,111,45,2019
3132202,Goat,574,0,2019
3132202,Poultry,6799,0,2019
3132202,Sheep,297,0,2019
3132203,Cattle,773,312,2019
3132203,Buffalo,57,30,2019
3132203,Goat,513,0,2019
3132203,Poultry,8165,0,2019
3132203,Sheep,169,0,2019
