village_code,road_type,surface_type,nearest_town,distance_km
3130101,STATE_HIGHWAY,Paved,Bankura,3.6
3130102,PMGSY_ROAD,Paved,Bankura,9.2
3130103,VILLAGE_ROAD,Unpaved,Bankura,8.1
3130201,DISTRICT_ROAD,Paved,Bankura,6.8
3130202,PMGSY_ROAD,Paved,Bankura,9.6
3130203,PMGSY_ROAD,Paved,Bankura,8
3130301,STATE_HIGHWAY,Paved,Barjora,4.5
3130302,DISTRICT_ROAD,Paved,Barjora,9.4
3130303,PMGSY_ROAD,Paved,Barjora,11.7
3130401,STATE_HIGHWAY,Paved,Chhatna,4.4
3130402,PMGSY_ROAD,Paved,Chhatna,8.2
3130403,PMGSY_ROAD,Paved,Chhatna,8.2
3130501,DISTRICT_ROAD,Paved,Gangajalghati,4
3130502,PMGSY_ROAD,Paved,Gangajalghati,7
3130503,PMGSY_ROAD,Paved,Gangajalghati,8.9
3130601,DISTRICT_ROAD,Paved,Indpur,4
3130602,PMGSY_ROAD,Paved,Indpur,10.7
3130603,PMGSY_ROAD,Paved,Indpur,10.1
3130701,STATE_HIGHWAY,Paved,Mejhia,3.8
3130702,PMGSY_ROAD,Paved,Mejhia,10.1
3130703,PMGSY_ROAD,Paved,Mejhia,8.7
3130801,DISTRICT_ROAD,Paved,Onda,4.4
3130802,VILLAGE_ROAD,Unpaved,Onda,9.8
3130803,DISTRICT_ROAD,Paved,Onda,10.2
3130901,STATE_HIGHWAY,Paved,Saltora,3.9
3130902,PMGSY_ROAD,Paved,Saltora,8.8
3130903,VILLAGE_ROAD,Gravel,Saltora,9.8
3131001,STATE_HIGHWAY,Paved,Sonamukhi,3.6
3131002,DISTRICT_ROAD,Paved,Sonamukhi,7.9
3131003,PMGSY_ROAD,Paved,Sonamukhi,8.4
3131101,STATE_HIGHWAY,Paved,Bishnupur,4.7
3131102,PMGSY_ROAD,Paved,Bishnupur,9
3131103,PMGSY_ROAD,Paved,Bishnupur,8
3131201,DISTRICT_ROAD,Paved,Indas,4.1
3131202,PMGSY_ROAD,Paved,Indas,7.9
3131203,PMGSY_ROAD,Paved,Indas,9
3131301,DISTRICT_ROAD,Paved,Joypur,4.1
3131302,PMGSY_ROAD,Paved,Joypur,7.2
3131303,DISTRICT_ROAD,Paved,Joypur,8
3131401,DISTRICT_ROAD,Paved,Kotulpur,4.1
3131402,VILLAGE_ROAD,Unpaved,Kotulpur,6.7
3131403,DISTRICT_ROAD,Paved,Kotulpur,10.6
3131501,STATE_HIGHWAY,Paved,Patrasayer,4.3
3131502,VILLAGE_ROAD,Gravel,Patrasayer,9.6
3131503,PMGSY_ROAD,Paved,Patrasayer,8.9
3131601,DISTRICT_ROAD,Paved,Hirbandh,3.5
3131602,PMGSY_ROAD,Paved,Hirbandh,7.4
3131603,DISTRICT_ROAD,Paved,Hirbandh,9
3131701,STATE_HIGHWAY,Paved,Khatra,3.7
3131702,DISTRICT_ROAD,Paved,Khatra,7.2
3131703,PMGSY_ROAD,Paved,Khatra,10.3
3131801,DISTRICT_ROAD,Paved,Raipur,3.8
3131802,PMGSY_ROAD,Paved,Raipur,6.6
3131803,DISTRICT_ROAD,Paved,Raipur,11.3
3131901,DISTRICT_ROAD,Paved,Ranibandh,3.8
3131902,PMGSY_ROAD,Paved,Ranibandh,9.7
3131903,PMGSY_ROAD,Paved,Ranibandh,11.2
3132001,DISTRICT_ROAD,Paved,Sarenga,4.6
3132002,DISTRICT_ROAD,Paved,Sarenga,10.1
3132003,PMGSY_ROAD,Paved,Sarenga,10.4
3132101,DISTRICT_ROAD,Paved,Simlapal,4
3132102,PMGSY_ROAD,Paved,Simlapal,10.5
3132103,PMGSY_ROAD,Paved,Simlapal,11.6
3132201,DISTRICT_ROAD,Paved,Taldangra,3.9
3132202,PMGSY_ROAD,Paved,Taldangra,8.7
3132203,PMGSY_ROAD,Paved,Taldangra,8.7
