crop_district,year,paddy_area,jute_area,crop_area
Alipurduar,2023-24,200626.74,15676.0,955163.5299999999
Bankura,2023-24,689566.9299999999,68.0,2321661.6799999997
Birbhum,2023-24,705973.37,174.0,2618484.21
Cooch Behar,2023-24,534516.1699999999,90046.0,2445139.91
Dakshin Dinajpur,2023-24,420924.86,41804.0,1978732.7899999998
Darjeeling,2023-24,50928.34,5688.0,279272.43
Hooghly,2023-24,471736.92,24692.0,1697558.19
Howrah,2023-24,182385.53999999998,5748.0,607341.1699999999
Jalpaiguri,2023-24,237186.76,47082.0,998179.0500000002
Jhargram,2023-24,348415.79000000004,0.0,1164263.4
Kalimpong,2023-24,7512.04,0.0,165444.84
Malda,2023-24,397190.9,56704.0,2094721.1700000002
Murshidabad,2023-24,514885.76,264328.0,3842772.46
Nadia,2023-24,354626.19999999995,192640.0,2336209.41
North 24 Parganas,2023-24,429212.30000000005,110994.0,1789438.2899999998
Paschim Bardhaman,2023-24,49076.02,0.0,187284.5
Paschim Medinipur,2023-24,1136194.8599999999,6480.0,3765872.0500000007
Purba Bardhaman,2023-24,1053158.04,20616.0,3450879.29
Purba Medinipur,2023-24,747505.81,246.0,2401104.73
Purulia,2023-24,383291.4,0.0,1413977.45
South 24 Parganas,2023-24,837049.46,1020.0,2922423.73
Uttar Dinajpur,2023-24,486805.83,74356.0,2873766.75
