district_name,ref_district_id,cattle,buffalo,sheep,goat,horse,pony,mule,donkey,camel,pig,total_poultry,livestock_count,poultry_count
Darjeeling,327,203881,6992,969,164834,123,72,1,32,0,57166,848610,434070,848610
Jalpaiguri,328,727592,5381,8169,512322,6,0,0,0,0,36680,1290753,1290150,1290753
Coochbehar,329,1226670,6397,63824,486974,173,23,0,2,0,7372,1917542,1791435,1917542
Dinajpur Uttar,330,1091590,12384,1521,885282,14,0,0,0,0,25809,2597607,2016600,2597607
Dinajpur Dakshin,331,532056,1920,6295,598137,6,0,0,3,0,41055,1880668,1179472,1880668
Maldah,332,1038763,38439,32919,1376487,53,7,0,8,0,70969,2982438,2557645,2982438
Murshidabad,333,1199817,66783,51415,1751276,274,14,3,6,34,8236,4864786,3077858,4864786
Birbhum,334,1185333,94938,159206,1168796,21,0,1,0,0,38374,4614872,2646669,4614872
Bardhaman,335,1532669,58942,135965,1370985,66,177,0,3,0,21327,7508347,3120134,7508347
Nadia,336,816780,17157,24669,924339,95,15,4,4,0,4923,3389479,1787986,3389479
24 Paraganas North,337,697601,34443,34356,780001,31,0,0,0,0,7241,6596548,1553673,6596548
Hooghly,338,912745,35229,1655,886410,8,3,0,0,0,16671,3597064,1852721,3597064
Bankura,339,1491831,64427,71889,1064468,36,3,0,3,9,20648,5372542,2713314,5372542
Purulia,340,915274,77650,186925,966681,14,0,0,5,0,30510,4101529,2177059,4101529
Howrah,341,226388,5724,237,157017,2,1,0,1,0,362,1376937,389732,1376937
Kolkata,342,1003,459,93,3625,0,0,0,1,0,335,29728,5516,29728
24 Paraganas South,343,1019495,11709,82258,791587,266,5,16,1,0,7348,9271700,1912685,9271700
Medinipur West,344,1758443,37649,18172,872869,20,8,0,12,0,25438,5222355,2712611,5222355
Medinipur East,345,1093499,263,5948,475230,17,0,1,12,0,1891,4295172,1576861,4295172
Alipurduar,662,520443,2209,7476,281764,10,3,0,0,2,58991,1307902,870898,1307902
