date,modal_price,commodity,market,district,state
2025-05-19,6330.0,ajwan,Dhragradhra,Surendranagar,Gujarat
2025-05-19,3000.0,alsandikai,North Paravur,Ernakulam,Kerala
2025-05-19,2700.0,amaranthus,Parassala,Thiruvananthapuram,Kerala
2025-05-19,4400.0,amla(nelli kai),Kottakkal,Malappuram,Kerala
2025-05-19,6400.0,amphophalus,Thrippunithura,Ernakulam,Kerala
2025-05-19,1900.0,amranthas red,Kottakkal,Malappuram,Kerala
2025-05-19,10325.0,apple,Ramnagar,Nanital,Uttrakhand
2025-05-19,7800.0,apricot(jardalu/khumani),Palampur,Kangra,Himachal Pradesh
2025-05-19,32000.0,arecanut(betelnut/supari),Perumbavoor,Ernakulam,Kerala
2025-05-19,6000.0,arhar (tur/red gram)(whole),Jambusar(Kaavi),Bharuch,Gujarat
2025-05-19,10580.0,arhar dal(tur dal),Ghiraur,Mainpuri,Uttar Pradesh
2025-05-19,1650.0,ashgourd,Palayam,Kozhikode(Calicut),Kerala
2025-05-19,2400.0,bajra(pearl millet/cumbu),Jodhpur (Grain),Jodhpur,Rajasthan
2025-05-19,3200.0,banana,Rishikesh,Dehradoon,Uttrakhand
2025-05-19,3050.0,banana - green,Anandnagar,Maharajganj,Uttar Pradesh
2025-05-19,2225.0,barley (jau),Suratgarh,Ganganagar,Rajasthan
2025-05-19,6800.0,beans,Hindol,Dhenkanal,Odisha
2025-05-19,3900.0,beetroot,Kukatpally(Rythu Bazar),Ranga Reddy,Telangana
2025-05-19,7630.0,bengal gram dal (chana dal),Rasda,Ballia,Uttar Pradesh
2025-05-19,5425.0,bengal gram(gram)(whole),Sitapur,Sitapur,Uttar Pradesh
2025-05-19,2500.0,bhindi(ladies finger),Ghatal,Medinipur(W),West Bengal
2025-05-19,2800.0,bitter gourd,Sheoraphuly,Hooghly,West Bengal
2025-05-19,6300.0,black gram (urd beans)(whole),Kota,Kota,Rajasthan
2025-05-19,10150.0,black gram dal (urd dal),Sitapur,Sitapur,Uttar Pradesh
2025-05-19,67750.0,black pepper,Thalasserry,Kannur,Kerala
2025-05-19,1040.0,bottle gourd,Manglaur,Haridwar,Uttrakhand
2025-05-19,1900.0,brinjal,Sheoraphuly,Hooghly,West Bengal
2025-05-19,1178.0,cabbage,Badayoun,Badaun,Uttar Pradesh
2025-05-19,2750.0,capsicum,Badayoun,Badaun,Uttar Pradesh
2025-05-19,2800.0,carrot,Ghatal,Medinipur(W),West Bengal
2025-05-19,12000.0,cashewnuts,Gunpur,Rayagada,Odisha
2025-05-19,5965.0,castor seed,Dhoraji,Rajkot,Gujarat
2025-05-19,2800.0,cauliflower,Roorkee,Haridwar,Uttrakhand
2025-05-19,15250.0,cherry,Palampur,Kangra,Himachal Pradesh
2025-05-19,2500.0,chikoos(sapota),Jaipur (F&V),Jaipur,Rajasthan
2025-05-19,3600.0,cluster beans,Kukatpally(Rythu Bazar),Ranga Reddy,Telangana
2025-05-19,6100.0,coconut,Koduvayoor,Palakad,Kerala
2025-05-19,30250.0,coconut oil,Kannur,Kannur,Kerala
2025-05-19,6500.0,coconut seed,Palayam,Kozhikode(Calicut),Kerala
2025-05-19,5200.0,colacasia,Bhanjanagar,Ganjam,Odisha
2025-05-19,3750.0,coriander(leaves),Vadhvan,Surendranagar,Gujarat
2025-05-19,6665.0,corriander seed,Kota,Kota,Rajasthan
2025-05-19,6800.0,cotton,Adilabad,Adilabad,Telangana
2025-05-19,2400.0,cowpea (lobia/karamani),Kottakkal,Malappuram,Kerala
2025-05-19,3975.0,cowpea(veg),Koduvayoor,Palakad,Kerala
2025-05-19,1500.0,cucumbar(kheera),Sheoraphuly,Hooghly,West Bengal
2025-05-19,19750.0,cummin seed(jeera),Ositan Mathania,Jodhpur Rural,Rajasthan
2025-05-19,6350.0,drumstick,Hindol,Dhenkanal,Odisha
2025-05-19,10000.0,dry chillies,Mahboob Manison,Hyderabad,Telangana
2025-05-19,5550.0,elephant yam (suran),Perumbavoor,Ernakulam,Kerala
2025-05-19,6500.0,field pea,Kukatpally(Rythu Bazar),Ranga Reddy,Telangana
2025-05-19,400.0,firewood,Charkhari,Mahoba,Uttar Pradesh
2025-05-19,18800.0,fish,Teliamura,Khowai,Tripura
2025-05-19,7500.0,french beans (frasbean),Vengeri(Kozhikode),Kozhikode(Calicut),Kerala
2025-05-19,6850.0,garlic,Angamaly,Ernakulam,Kerala
2025-05-19,5650.0,ginger(dry),Sheoraphuly,Hooghly,West Bengal
2025-05-19,4900.0,ginger(green),Ramnagar,Nanital,Uttrakhand
2025-05-19,7800.0,grapes,Palampur,Kangra,Himachal Pradesh
2025-05-19,7000.0,green avare (w),Koduvayoor,Palakad,Kerala
2025-05-19,2700.0,green chilli,Bazpur,UdhamSinghNagar,Uttrakhand
2025-05-19,7400.0,green gram (moong)(whole),Savarkundla,Amreli,Gujarat
2025-05-19,10500.0,green gram dal (moong dal),English Bazar,Malda,West Bengal
2025-05-19,3500.0,green peas,Kota,Kota,Rajasthan
2025-05-19,5930.0,ground nut seed,Dhoraji,Rajkot,Gujarat
2025-05-19,5257.5,groundnut,Savarkundla,Amreli,Gujarat
2025-05-19,3900.0,groundnut pods (raw),Surat,Surat,Gujarat
2025-05-19,4675.0,guar,Damnagar,Amreli,Gujarat
2025-05-19,4695.0,guar seed(cluster beans seed),Bassi,Jaipur Rural,Rajasthan
2025-05-19,9500.0,guava,Palampur,Kangra,Himachal Pradesh
2025-05-19,3675.0,gur(jaggery),Sitapur,Sitapur,Uttar Pradesh
2025-05-19,6000.0,indian beans (seam),Kulai,Dhalai,Tripura
2025-05-19,10350.0,isabgul (psyllium),Ositan Mathania,Jodhpur Rural,Rajasthan
2025-05-19,1925.0,jack fruit,Kangra(Baijnath),Kangra,Himachal Pradesh
2025-05-19,3350.0,jowar(sorghum),Jambusar(Kaavi),Bharuch,Gujarat
2025-05-19,6125.0,jute,Raiganj,Uttar Dinajpur,West Bengal
2025-05-19,10065.0,kabuli chana(chickpeas-white),Modasa,Sabarkantha,Gujarat
2025-05-19,1600.0,karbuja(musk melon),Rishikesh,Dehradoon,Uttrakhand
2025-05-19,5200.0,kartali (kantola),Barpathari,South District,Tripura
2025-05-19,1100.0,knool khol,Kathua,Kathua,Jammu and Kashmir
2025-05-19,5325.0,kulthi(horse gram),Beawar,Beawar,Rajasthan
2025-05-19,2000.0,leafy vegetable,Thrippunithura,Ernakulam,Kerala
2025-05-19,8000.0,lemon,Sitapur,Sitapur,Uttar Pradesh
2025-05-19,6700.0,lentil (masur)(whole),Mehrauni,Lalitpur,Uttar Pradesh
2025-05-19,9100.0,lime,Sriganganagar (F&V),Ganganagar,Rajasthan
2025-05-19,6800.0,linseed,Kota,Kota,Rajasthan
2025-05-19,3500.0,little gourd (kundru),Thrissur,Thirssur,Kerala
2025-05-19,1130.0,long melon(kakri),Nawan Shahar(Subzi Mandi),Nawanshahr,Punjab
2025-05-19,2200.0,maize,Aliganj,Etah,Uttar Pradesh
2025-05-19,5000.0,mango,Ghiraur,Mainpuri,Uttar Pradesh
2025-05-19,3000.0,mango (raw-ripe),Chengannur,Alappuzha,Kerala
2025-05-19,15500.0,mashrooms,Kathua,Kathua,Jammu and Kashmir
2025-05-19,7740.0,masur dal,Rasda,Ballia,Uttar Pradesh
2025-05-19,4505.0,methi seeds,Kota,Kota,Rajasthan
2025-05-19,3250.0,methi(leaves),Vadhvan,Surendranagar,Gujarat
2025-05-19,3000.0,mint(pudina),Pathankot,Pathankot,Punjab
2025-05-19,4250.0,mousambi(sweet lime),Pilibhit,Pillibhit,Uttar Pradesh
2025-05-19,5950.0,mustard,Beawar,Beawar,Rajasthan
2025-05-19,15850.0,mustard oil,Balarampur,Puruliya,West Bengal
2025-05-19,1500.0,onion,Baruipur(Canning),Sounth 24 Parganas,West Bengal
2025-05-19,2250.0,onion green,Vadhvan,Surendranagar,Gujarat
2025-05-19,8400.0,orange,Anandnagar,Maharajganj,Uttar Pradesh
2025-05-19,2300.0,paddy(dhan)(basmati),Bhehjoi,Sambhal,Uttar Pradesh
2025-05-19,2300.0,paddy(dhan)(common),Panchpedwa,Balrampur,Uttar Pradesh
2025-05-19,3100.0,papaya,Vikasnagar,Dehradoon,Uttrakhand
2025-05-19,1650.0,papaya (raw),Kulai,Dhalai,Tripura
2025-05-19,4000.0,peach,Rishikesh,Dehradoon,Uttrakhand
2025-05-19,8500.0,peas cod,Surat,Surat,Gujarat
2025-05-19,5850.0,peas wet,Patti,Tarntaran,Punjab
2025-05-19,3350.0,peas(dry),Kurara,Hamirpur,Uttar Pradesh
2025-05-19,8000.0,pegeon pea (arhar fali),Padra,Vadodara(Baroda),Gujarat
2025-05-19,5200.0,pigs,Teliamura,Khowai,Tripura
2025-05-19,4500.0,pineapple,Thrissur,Thirssur,Kerala
2025-05-19,7900.0,plum,Nawan Shahar(Subzi Mandi),Nawanshahr,Punjab
2025-05-19,3500.0,pointed gourd (parval),Kulai,Dhalai,Tripura
2025-05-19,9750.0,pomegranate,Jaipur (F&V),Jaipur,Rajasthan
2025-01-01,1000.0,potato,Hansi,Hissar,Haryana
2025-01-02,1100.0,potato,Dhand,Kaithal,Haryana
2025-01-03,1300.0,potato,Punhana,Mewat,Haryana
2025-01-04,900.0,potato,Panipat,Panipat,Haryana
2025-01-05,1000.0,potato,Kosli,Rewari,Haryana
2025-01-06,1200.0,potato,Gohana,Sonipat,Haryana
2025-01-07,1250.0,potato,Palampur,Kangra,Himachal Pradesh
2025-01-08,1500.0,potato,Chengannur,Alappuzha,Kerala
2025-01-09,1800.0,potato,Perumbavoor,Ernakulam,Kerala
2025-01-10,2300.0,potato,Palayam,Kozhikode(Calicut),Kerala
2025-01-11,1500.0,potato,Jaleswar,Balasore,Odisha
2025-01-12,1800.0,potato,Kendrapara(Marshaghai),Kendrapara,Odisha
2025-01-13,800.0,potato,Pathankot,Pathankot,Punjab
2025-01-14,450.0,potato,Patti,Tarntaran,Punjab
2025-01-15,1155.0,potato,Sultanpur,Amethi,Uttar Pradesh
2025-01-16,1020.0,potato,Ujhani,Badaun,Uttar Pradesh
2025-01-17,850.0,potato,Kiratpur,Bijnor,Uttar Pradesh
2025-01-18,1100.0,potato,Sirsaganj,Firozabad,Uttar Pradesh
2025-01-19,850.0,potato,Shadabad,Hathras,Uttar Pradesh
2025-01-20,1200.0,potato,Anandnagar,Maharajganj,Uttar Pradesh
2025-01-21,1185.0,potato,Ghiraur,Mainpuri,Uttar Pradesh
2025-01-22,900.0,potato,Khalilabad,Sant Kabir Nagar,Uttar Pradesh
2025-01-23,1200.0,potato,Sitapur,Sitapur,Uttar Pradesh
2025-01-24,1210.0,potato,Samsi,Malda,West Bengal
2025-01-25,1150.0,potato,Islampur,Uttar Dinajpur,West Bengal
2025-01-26,900.0,potato,Gurgaon,Gurgaon,Haryana
2025-01-27,800.0,potato,Gurgaon,Gurgaon,Haryana
2025-01-28,900.0,potato,Barwala(Hisar),Hissar,Haryana
2025-01-29,600.0,potato,Pehowa,Kurukshetra,Haryana
2025-01-30,1200.0,potato,Narnaul,Mahendragarh-Narnaul,Haryana
2025-01-31,750.0,potato,Meham,Rohtak,Haryana
2025-02-01,1400.0,potato,Kangra,Kangra,Himachal Pradesh
2025-02-02,1200.0,potato,Kangra(Nagrota Bagwan),Kangra,Himachal Pradesh
2025-02-03,1200.0,potato,Solan(Nalagarh),Solan,Himachal Pradesh
2025-02-04,3600.0,potato,Mannar,Alappuzha,Kerala
2025-02-05,3800.0,potato,Angamaly,Ernakulam,Kerala
2025-02-06,3600.0,potato,Munnar,Idukki,Kerala
2025-02-07,3300.0,potato,Ettumanoor,Kottayam,Kerala
2025-02-08,4000.0,potato,Pampady,Kottayam,Kerala
2025-02-09,2700.0,potato,Perambra,Kozhikode(Calicut),Kerala
2025-02-10,2700.0,potato,Kohima,Kohima,Nagaland
2025-02-11,1000.0,potato,Mukerian(Talwara),Hoshiarpur,Punjab
2025-02-12,1100.0,potato,Kot ise Khan,Moga,Punjab
2025-02-13,1200.0,potato,Nihal Singh Wala,Moga,Punjab
2025-02-14,800.0,potato,Morinda,Ropar (Rupnagar),Punjab
2025-02-15,1900.0,potato,Bassi,Jaipur Rural,Rajasthan
2025-02-16,1180.0,potato,Nutanbazar,Gomati,Tripura
2025-02-17,1180.0,potato,Achnera,Agra,Uttar Pradesh
2025-02-18,750.0,potato,Visoli,Badaun,Uttar Pradesh
2025-02-19,1130.0,potato,Tulsipur,Balrampur,Uttar Pradesh
2025-02-20,1750.0,potato,Doharighat,Mau(Maunathbhanjan),Uttar Pradesh
2025-02-21,800.0,potato,Rishikesh,Dehradoon,Uttrakhand
2025-02-22,800.0,potato,Manglaur,Haridwar,Uttrakhand
2025-02-23,1600.0,potato,Balarampur,Puruliya,West Bengal
2025-02-24,1800.0,potato,Bilimora,Navsari,Gujarat
2025-02-25,1850.0,potato,Padra,Vadodara(Baroda),Gujarat
2025-02-26,650.0,potato,Cheeka,Kaithal,Haryana
2025-02-27,1200.0,potato,Ganaur,Sonipat,Haryana
2025-02-28,800.0,potato,Radaur,Yamuna Nagar,Haryana
2025-03-01,1300.0,potato,Chamba,Chamba,Himachal Pradesh
2025-03-02,1800.0,potato,Hamirpur,Hamirpur,Himachal Pradesh
2025-03-03,1800.0,potato,North Paravur,Ernakulam,Kerala
2025-03-04,2700.0,potato,Quilandy,Kozhikode(Calicut),Kerala
2025-03-05,2700.0,potato,Kottakkal,Malappuram,Kerala
2025-03-06,2000.0,potato,Sabalgarh(F&V),Morena,Madhya Pradesh
2025-03-07,900.0,potato,Chandabali,Bhadrak,Odisha
2025-03-08,700.0,potato,Rayya,Amritsar,Punjab
2025-03-09,800.0,potato,GarhShankar (Kotfatuhi),Hoshiarpur,Punjab
2025-03-10,900.0,potato,Ghanaur,Patiala,Punjab
2025-03-11,750.0,potato,Suratgarh,Ganganagar,Rajasthan
2025-03-12,1040.0,potato,Kukatpally(Rythu Bazar),Ranga Reddy,Telangana
2025-03-13,1130.0,potato,Amroha,Amroha,Uttar Pradesh
2025-03-14,1135.0,potato,Badayoun,Badaun,Uttar Pradesh
2025-03-15,1040.0,potato,Badayoun,Badaun,Uttar Pradesh
2025-03-16,1450.0,potato,Maigalganj,Khiri (Lakhimpur),Uttar Pradesh
2025-03-17,800.0,potato,Kopaganj,Mau(Maunathbhanjan),Uttar Pradesh
2025-03-18,705.0,potato,Bhehjoi,Sambhal,Uttar Pradesh
2025-03-19,900.0,potato,Hargaon (Laharpur),Sitapur,Uttar Pradesh
2025-03-20,900.0,potato,Haridwar Union,Haridwar,Uttrakhand
2025-03-21,1000.0,potato,Roorkee,Haridwar,Uttrakhand
2025-03-22,1350.0,potato,Rajkot(Veg.Sub Yard),Rajkot,Gujarat
2025-03-23,1750.0,potato,Vadhvan,Surendranagar,Gujarat
2025-03-24,1100.0,potato,Hamirpur,Hamirpur,Himachal Pradesh
2025-03-25,1200.0,potato,Kangra(Baijnath),Kangra,Himachal Pradesh
2025-03-26,1350.0,potato,Kangra(Jaisinghpur),Kangra,Himachal Pradesh
2025-03-27,1800.0,potato,Thrippunithura,Ernakulam,Kerala
2025-03-28,2500.0,potato,Perinthalmanna,Malappuram,Kerala
2025-03-29,1800.0,potato,Koduvayoor,Palakad,Kerala
2025-03-30,1800.0,potato,Attabira,Bargarh,Odisha
2025-03-31,1500.0,potato,Khunthabandha,Boudh,Odisha
2025-04-01,1200.0,potato,Khunthabandha,Boudh,Odisha
2025-04-02,1700.0,potato,Sargipali,Sundergarh,Odisha
2025-04-03,1300.0,potato,Rayya,Amritsar,Punjab
2025-04-04,900.0,potato,Kot ise Khan,Moga,Punjab
2025-04-05,1000.0,potato,Ahmedgarh,Sangrur,Punjab
2025-04-06,1150.0,potato,Jaipur (F&V),Jaipur,Rajasthan
2025-04-07,1000.0,potato,Rajsamand,Rajsamand,Rajasthan
2025-04-08,1200.0,potato,Sanchore,Sanchore,Rajasthan
2025-04-09,1400.0,potato,Kulai,Dhalai,Tripura
2025-04-10,1800.0,potato,Teliamura,Khowai,Tripura
2025-04-11,1750.0,potato,Dasda,North Tripura,Tripura
2025-04-12,1400.0,potato,Fatehabad,Agra,Uttar Pradesh
2025-04-13,995.0,potato,Sultanpur,Amethi,Uttar Pradesh
2025-04-14,1750.0,potato,Naanpara,Bahraich,Uttar Pradesh
2025-04-15,1120.0,potato,Bijnaur,Bijnor,Uttar Pradesh
2025-04-16,1190.0,potato,Hardoi,Hardoi,Uttar Pradesh
2025-04-17,750.0,potato,Kairana,Shamli,Uttar Pradesh
2025-04-18,1260.0,potato,Indus(Bankura Sadar),Bankura,West Bengal
2025-04-19,1210.0,potato,English Bazar,Malda,West Bengal
2025-04-20,1260.0,potato,Ghatal,Medinipur(W),West Bengal
2025-04-21,1350.0,potato,Kandi,Murshidabad,West Bengal
2025-04-22,1350.0,potato,Surat,Surat,Gujarat
2025-04-23,900.0,potato,Uklana,Hissar,Haryana
2025-04-24,1200.0,potato,Tauru,Mewat,Haryana
2025-04-25,1050.0,potato,Dharamshala,Kangra,Himachal Pradesh
2025-04-26,900.0,potato,Kathua,Kathua,Jammu and Kashmir
2025-04-27,2600.0,potato,Cherthala,Alappuzha,Kerala
2025-04-28,2800.0,potato,Thalasserry,Kannur,Kerala
2025-04-29,2600.0,potato,Mukkom,Kozhikode(Calicut),Kerala
2025-04-30,3000.0,potato,Thrissur,Thirssur,Kerala
2025-05-01,1800.0,potato,Hindol,Dhenkanal,Odisha
2025-05-02,2000.0,potato,Kamakhyanagar,Dhenkanal,Odisha
2025-05-03,800.0,potato,Fazilka,Fazilka,Punjab
2025-05-04,800.0,potato,Garh Shankar,Hoshiarpur,Punjab
2025-05-05,1200.0,potato,Tanda Urmur,Hoshiarpur,Punjab
2025-05-06,700.0,potato,Doraha,Ludhiana,Punjab
2025-05-07,550.0,potato,Nawan Shahar(Subzi Mandi),Nawanshahr,Punjab
2025-05-08,800.0,potato,Sriganganagar (F&V),Ganganagar,Rajasthan
2025-05-09,1100.0,potato,Goluwala,Hanumangarh,Rajasthan
2025-05-10,1200.0,potato,Sangriya,Hanumangarh,Rajasthan
2025-05-11,2300.0,potato,Mahboob Manison,Hyderabad,Telangana
2025-05-12,2500.0,potato,Mehndipatnam(Rythu Bazar),Ranga Reddy,Telangana
2025-05-13,2750.0,potato,Warangal,Warangal,Telangana
2025-05-14,2100.0,potato,Barpathari,South District,Tripura
2025-05-15,1100.0,potato,Charra,Aligarh,Uttar Pradesh
2025-05-16,700.0,potato,Dhanaura,Amroha,Uttar Pradesh
2025-05-17,1125.0,potato,Ujhani,Badaun,Uttar Pradesh
2025-05-18,1180.0,potato,Rasda,Ballia,Uttar Pradesh
2025-05-19,1280.0,potato,Balrampur,Balrampur,Uttar Pradesh
2025-05-20,1400.0,potato,Panchpedwa,Balrampur,Uttar Pradesh
2025-05-21,900.0,potato,Anwala,Bareilly,Uttar Pradesh
2025-05-22,900.0,potato,Divai,Bulandshahar,Uttar Pradesh
2025-05-23,1000.0,potato,Gulavati,Bulandshahar,Uttar Pradesh
2025-05-24,1000.0,potato,Awagarh,Etah,Uttar Pradesh
2025-05-25,1000.0,potato,Jasvantnagar,Etawah,Uttar Pradesh
2025-05-26,1200.0,potato,Manjhanpur,Kaushambi,Uttar Pradesh
2025-05-27,1080.0,potato,Muzzafarnagar,Muzaffarnagar,Uttar Pradesh
2025-05-28,900.0,potato,Muzzafarnagar,Muzaffarnagar,Uttar Pradesh
2025-05-29,1145.0,potato,Pilibhit,Pillibhit,Uttar Pradesh
2025-05-30,1040.0,potato,Pilibhit,Pillibhit,Uttar Pradesh
2025-05-31,1200.0,potato,Ajuha,Prayagraj,Uttar Pradesh
2025-06-01,1230.0,potato,Ramnagar,Nanital,Uttrakhand
2025-06-02,1420.0,potato,Sheoraphuly,Hooghly,West Bengal
2025-06-03,1260.0,potato,Jhargram,Jhargram,West Bengal
2025-05-19,1077.5,pumpkin,Manglaur,Haridwar,Uttrakhand
2025-05-19,2000.0,raddish,Ghiraur,Mainpuri,Uttar Pradesh
2025-05-19,3727.5,rice,Islampur,Uttar Dinajpur,West Bengal
2025-05-19,2500.0,ridgeguard(tori),Haridwar Union,Haridwar,Uttrakhand
2025-05-19,770.0,round gourd,Mukerian(Talwara),Hoshiarpur,Punjab
2025-05-19,7500.0,"sesamum(sesame,gingelly,til)",Bhesan,Junagarh,Gujarat
2025-05-19,3000.0,snakeguard,Kukatpally(Rythu Bazar),Ranga Reddy,Telangana
2025-05-19,7375.0,soanf,Dhragradhra,Surendranagar,Gujarat
2025-05-19,4055.0,soyabean,Modasa,Sabarkantha,Gujarat
2025-05-19,1750.0,spinach,Kathua,Kathua,Jammu and Kashmir
2025-05-19,2450.0,sponge gourd,Tanda(Rampur),Rampur,Uttar Pradesh
2025-05-19,900.0,squash(chappal kadoo),Kot ise Khan,Moga,Punjab
2025-05-19,7250.0,surat beans (papadi),Surat,Surat,Gujarat
2025-05-19,6500.0,suva (dill seed),Dhragradhra,Surendranagar,Gujarat
2025-05-19,2675.0,sweet potato,Munnar,Idukki,Kerala
2025-05-19,1550.0,sweet pumpkin,Barpathari,South District,Tripura
2025-05-19,10000.0,tamarind fruit,Mahboob Manison,Hyderabad,Telangana
2025-05-19,3200.0,tapioca,Thrissur,Thirssur,Kerala
2025-05-19,5218.0,taramira,Bassi,Jaipur Rural,Rajasthan
2025-05-19,5000.0,tender coconut,Munnar,Idukki,Kerala
2025-05-19,2600.0,tinda,Rishikesh,Dehradoon,Uttrakhand
2025-05-19,1112.5,tomato,Ghatal,Medinipur(W),West Bengal
2025-05-19,6500.0,turmeric,Chintapally,Visakhapatnam,Andhra Pradesh
2025-05-19,9500.0,turmeric (raw),Surat,Surat,Gujarat
2025-05-19,935.0,water melon,Haridwar Union,Haridwar,Uttrakhand
2025-05-19,2485.0,wheat,Bhehjoi,Sambhal,Uttar Pradesh
2025-05-19,3400.0,white peas,Charkhari,Mahoba,Uttar Pradesh
2025-05-19,510.0,wood,Hargaon (Laharpur),Sitapur,Uttar Pradesh
2025-05-19,6125.0,yam (ratalu),Mehndipatnam(Rythu Bazar),Ranga Reddy,Telangana
