commodity,variety,market,district,state,min_price,max_price,modal_price,unit,date
Milk,Cow,Krishnanagar Mandi,Nadia,West Bengal,38.0,44.0,42.0,Litre,2026-09-01
Paddy,Common,Ranaghat Mandi,Nadia,West Bengal,2180.0,2300.0,2250.0,Quintal,2026-09-01
Jute,TD-5,Santipur Mandi,Nadia,West Bengal,5200.0,5600.0,5450.0,Quintal,2026-09-01
Potato,Jyoti,Krishnanagar Mandi,Nadia,West Bengal,1400.0,1650.0,1520.0,Quintal,2026-09-01
Broiler Chicken,Live,Ranaghat Mandi,Nadia,West Bengal,110.0,130.0,122.0,Kg,2026-09-01
Mustard Oil,Filtered,Krishnanagar Mandi,Nadia,West Bengal,145.0,160.0,155.0,Litre,2026-09-01
Wheat,Sharbati,Krishnanagar Mandi,Nadia,West Bengal,2800.0,3100.0,2950.0,Quintal,2026-09-01
Egg,Poultry,Ranaghat Mandi,Nadia,West Bengal,5.5,7.0,6.2,Piece,2026-09-01
Tomato,Local,Krishnanagar Mandi,Nadia,West Bengal,1500.0,2200.0,1800.0,Quintal,2026-09-01
Onion,Nasik,Krishnanagar Mandi,Nadia,West Bengal,1800.0,2400.0,2100.0,Quintal,2026-09-01
Fish (Rohu),Fresh,Krishnanagar Mandi,Nadia,West Bengal,250.0,320.0,280.0,Kg,2026-09-01
Brinjal,Local,Krishnanagar Mandi,Nadia,West Bengal,800.0,1200.0,1000.0,Quintal,2026-09-01
Milk,Buffalo,Krishnanagar Mandi,Nadia,West Bengal,50.0,58.0,55.0,Litre,2026-09-01
Cauliflower,Local,Krishnanagar Mandi,Nadia,West Bengal,1200.0,1800.0,1500.0,Quintal,2026-09-01
Paddy,Basmati,Krishnanagar Mandi,Nadia,West Bengal,3500.0,4200.0,3800.0,Quintal,2026-09-01
Paddy,Aman (Common),Bethuadahari Mandi,Nadia,West Bengal,2180,2320,2260,Quintal,2026-09-02
Paddy,Swarna,Chakdah Mandi,Nadia,West Bengal,2210,2340,2285,Quintal,2026-09-02
Jute,Tossa,Chakdah Mandi,Nadia,West Bengal,5350,5750,5580,Quintal,2026-09-02
Potato,Chandramukhi,Kalyani Mandi,Nadia,West Bengal,1450,1700,1580,Quintal,2026-09-02
Potato,Jyoti,Bethuadahari Mandi,Nadia,West Bengal,1390,1600,1510,Quintal,2026-09-02
Onion,Nasik,Chakdah Mandi,Nadia,West Bengal,1850,2450,2150,Quintal,2026-09-02
Tomato,Hybrid,Kalyani Mandi,Nadia,West Bengal,1600,2300,1900,Quintal,2026-09-02
Green Chilli,Local,Karimpur Mandi,Nadia,West Bengal,2900,3500,3200,Quintal,2026-09-02
Brinjal,Long (Local),Kalyani Mandi,Nadia,West Bengal,900,1300,1100,Quintal,2026-09-02
Cabbage,Green,Kalyani Mandi,Nadia,West Bengal,900,1400,1150,Quintal,2026-09-02
Cauliflower,Local,Kalyani Mandi,Nadia,West Bengal,1300,1900,1600,Quintal,2026-09-02
Mustard,Yellow (P-4),Bethuadahari Mandi,Nadia,West Bengal,5200,5800,5500,Quintal,2026-09-02
Wheat,Lokwan,Karimpur Mandi,Nadia,West Bengal,2700,3050,2900,Quintal,2026-09-02
Rice,Basmati,Chakdah Mandi,Nadia,West Bengal,3650,4300,3950,Quintal,2026-09-02
Rice,Common,Chakdah Mandi,Nadia,West Bengal,2750,3150,2950,Quintal,2026-09-02
Cow Milk,Desi,Kalyani Mandi,Nadia,West Bengal,39,45,42.5,Litre,2026-09-02
Buffalo Milk,Murrah,Kalyani Mandi,Nadia,West Bengal,51,59,55.5,Litre,2026-09-02
Egg,Desi,Bethuadahari Mandi,Nadia,West Bengal,6,7.5,6.8,Piece,2026-09-02
Broiler Chicken,Live,Chakdah Mandi,Nadia,West Bengal,112,136,125,Kg,2026-09-02
Fish (Catla),Fresh,Karimpur Mandi,Nadia,West Bengal,240,310,275,Kg,2026-09-02
Fish (Ilish),Fresh,Karimpur Mandi,Nadia,West Bengal,950,1400,1200,Kg,2026-09-02
Sugarcane,Local,Karimpur Mandi,Nadia,West Bengal,300,360,330,Quintal,2026-09-02
Banana,Robusta,Kalyani Mandi,Nadia,West Bengal,2600,3000,2800,Quintal,2026-09-02
Paddy,Aman (Common),Karimpur Mandi,Nadia,West Bengal,2170,2310,2250,Quintal,2026-09-03
Potato,Jyoti,Kalyani Mandi,Nadia,West Bengal,1410,1620,1520,Quintal,2026-09-03
Jute,TD-5,Bethuadahari Mandi,Nadia,West Bengal,5280,5650,5480,Quintal,2026-09-03
