village_code,primary_school,middle_school,high_school,phc,post_office,bank_branch,atm,electricity,bus_service,railway,mobile_network,internet,nearest_town_km
321501,YES,YES,YES,YES,YES,YES,YES,YES,YES,NO,YES,YES,4.5
321502,YES,YES,NO,NO,YES,NO,NO,YES,YES,NO,YES,YES,8.0
321503,YES,YES,YES,NO,YES,YES,NO,YES,YES,NO,YES,YES,6.0
321504,YES,YES,YES,YES,YES,YES,YES,YES,YES,NO,YES,YES,3.0
321505,YES,NO,NO,NO,NO,NO,NO,YES,NO,NO,YES,NO,9.5
321506,YES,NO,NO,NO,NO,NO,NO,YES,NO,NO,YES,NO,7.5
321507,YES,YES,YES,YES,YES,YES,NO,YES,YES,YES,YES,YES,5.0
321508,YES,YES,NO,NO,YES,NO,NO,YES,YES,NO,YES,YES,6.5
321509,YES,YES,NO,NO,YES,NO,NO,YES,NO,NO,YES,NO,8.5
321510,YES,YES,YES,NO,YES,YES,NO,YES,YES,NO,YES,YES,7.0
321511,YES,YES,YES,NO,YES,YES,YES,YES,YES,NO,YES,YES,5.5
321512,YES,NO,NO,NO,YES,NO,NO,YES,NO,NO,YES,NO,8.0
321513,YES,YES,NO,NO,YES,YES,NO,YES,YES,NO,YES,YES,6.0
321514,YES,NO,NO,NO,NO,NO,NO,YES,NO,NO,YES,NO,10.0
321515,YES,YES,NO,NO,YES,NO,NO,YES,YES,NO,YES,NO,7.5
321516,YES,NO,NO,NO,YES,NO,NO,YES,NO,NO,YES,NO,8.5
321517,YES,YES,NO,NO,YES,NO,NO,YES,YES,NO,YES,YES,7.0
321601,YES,YES,YES,YES,YES,YES,YES,YES,YES,YES,YES,YES,2.0
321602,YES,NO,NO,NO,NO,NO,NO,YES,NO,NO,YES,NO,6.5
321701,YES,YES,YES,NO,YES,YES,NO,YES,YES,YES,YES,YES,5.0
322053,YES,YES,YES,YES,YES,YES,YES,YES,YES,YES,YES,YES,3.5
322060,YES,YES,YES,NO,YES,YES,YES,YES,YES,NO,YES,YES,6.0
322064,YES,YES,YES,NO,YES,YES,YES,YES,YES,YES,YES,YES,8.0
322068,YES,YES,NO,NO,YES,YES,NO,YES,YES,NO,YES,YES,7.0
322111,YES,YES,YES,NO,YES,YES,NO,YES,YES,NO,YES,YES,5.5
322113,YES,YES,YES,YES,YES,YES,YES,YES,YES,YES,YES,YES,4.0
321425,YES,YES,YES,NO,YES,YES,NO,YES,YES,NO,YES,YES,12.0
321436,YES,YES,NO,NO,YES,NO,NO,YES,YES,NO,YES,NO,15.0
321440,YES,YES,YES,NO,YES,YES,NO,YES,YES,NO,YES,YES,14.0
321442,YES,YES,NO,NO,YES,NO,NO,YES,NO,NO,YES,NO,11.0
321454,YES,YES,YES,NO,YES,YES,YES,YES,YES,NO,YES,YES,13.0
321486,YES,YES,YES,NO,YES,YES,NO,YES,YES,NO,YES,YES,10.0
322170,YES,YES,YES,NO,YES,YES,YES,YES,YES,NO,YES,YES,8.0
322190,YES,YES,YES,YES,YES,YES,YES,YES,YES,NO,YES,YES,6.0
322196,YES,YES,YES,NO,YES,YES,YES,YES,YES,NO,YES,YES,9.0
322203,YES,YES,YES,NO,YES,YES,NO,YES,YES,YES,YES,YES,5.0
322215,YES,YES,YES,NO,YES,YES,YES,YES,YES,NO,YES,YES,7.0
322243,YES,YES,YES,YES,YES,YES,YES,YES,YES,YES,YES,YES,4.5
321803,YES,YES,YES,NO,YES,YES,NO,YES,YES,NO,YES,YES,9.0
321815,YES,YES,YES,YES,YES,YES,YES,YES,YES,NO,YES,YES,7.0
321820,YES,YES,YES,YES,YES,YES,YES,YES,YES,YES,YES,YES,6.0
321821,YES,YES,YES,NO,YES,YES,YES,YES,YES,NO,YES,YES,8.0
321824,YES,YES,YES,NO,YES,YES,NO,YES,YES,NO,YES,YES,9.5
321828,YES,YES,YES,YES,YES,YES,YES,YES,YES,YES,YES,YES,5.0
321199,YES,YES,YES,YES,YES,YES,YES,YES,YES,NO,YES,YES,8.0
321204,YES,YES,YES,YES,YES,YES,YES,YES,YES,NO,YES,YES,6.5
321234,YES,YES,YES,YES,YES,YES,YES,YES,YES,YES,YES,YES,3.0
321246,YES,YES,YES,YES,YES,YES,YES,YES,YES,YES,YES,YES,2.0
321255,YES,YES,YES,NO,YES,YES,YES,YES,YES,NO,YES,YES,7.0
321256,YES,YES,YES,NO,YES,YES,YES,YES,YES,NO,YES,YES,9.0
