village_code,village_name,total_pop,male_pop,female_pop,total_hh,sc_pop,st_pop,literacy_rate,main_workers,marginal_workers,non_workers,cultivators,agri_labourers,household_workers,other_workers
321501,Krishnanagar Rural,4520,2310,2210,980,1120,45,76.5,1420,380,2720,350,610,120,720
321502,Deypara,2840,1460,1380,620,890,12,71.2,890,240,1710,210,430,65,425
321503,Bethuadahari,3650,1870,1780,810,720,28,73.6,1150,290,2210,310,480,95,555
321504,Ghurni,5120,2620,2500,1140,980,55,79.8,1620,410,3090,180,380,420,1050
321505,Matiari,2210,1130,1080,480,540,18,69.4,680,180,1350,185,350,42,283
321506,Hatkhola,1890,970,920,420,380,15,67.2,590,160,1140,210,280,35,225
321507,Majdia,4380,2240,2140,950,860,42,75.1,1380,350,2650,290,520,130,790
321508,Gangnapur,3180,1630,1550,710,590,32,74.3,1010,250,1920,270,420,80,490
321509,Subarnapur,2650,1360,1290,580,510,22,70.8,830,210,1610,240,380,55,365
321510,Hanskhali,3890,1990,1900,860,740,38,72.5,1230,310,2350,310,490,75,665
321511,Nakashipara,4210,2150,2060,920,810,45,74.9,1320,340,2550,280,510,110,760
321512,Dogachia,2980,1520,1460,660,530,25,71.8,940,240,1800,260,400,65,455
321513,Debagram,3520,1800,1720,780,680,30,73.2,1110,280,2130,290,460,85,555
321514,Jhikra,1680,860,820,370,320,14,66.5,520,140,1020,190,280,25,165
321515,Char Karimpur,2450,1250,1200,540,480,20,68.7,770,200,1480,225,380,40,325
321516,Nutan Simulia,1950,1000,950,430,390,16,68.1,610,160,1180,195,310,30,235
321517,Chandpur,2320,1190,1130,510,460,19,70.2,730,190,1400,215,360,38,307
321601,Phulia,6890,3520,3370,1540,1450,88,82.4,2410,510,3970,180,310,1250,1180
321602,Gobindapur,3120,1590,1530,680,620,35,74.8,980,210,1930,280,410,85,415
321701,Habibpur,5240,2680,2560,1150,1680,102,78.1,1650,420,3170,410,650,140,870
322053,Debagram,7060,3626,3434,1502,1977,141,75.5,1629,877,4554,568,165,257,639
322060,Dayabari,6500,3338,3162,1383,1755,130,76,1500,808,4192,523,152,236,589
322064,Raynagar,4826,2479,2347,1027,1448,48,75,1113,600,3113,369,98,163,483
322068,Baidyapur,3044,1563,1481,648,883,61,74,703,378,1963,245,71,111,276
322111,Daula,5631,2892,2739,1198,1802,113,73,1299,700,3632,453,132,205,509
322113,Dhantala,9095,4671,4424,1935,2274,182,77,2099,1130,5866,697,185,309,908
321425,Bikrampur,5781,2969,2812,1230,1908,116,71.5,1334,718,3729,486,154,224,470
321436,Nischintapur,2745,1410,1335,584,933,55,70,633,341,1771,231,73,106,223
321440,Palasdanga,2852,1465,1387,607,913,57,71,658,354,1840,240,76,111,231
321442,Sonadanga,2409,1237,1172,513,819,48,70.5,556,299,1554,203,64,93,196
321454,Parkula,5677,2916,2761,1208,1760,114,72,1310,705,3662,478,151,220,461
321486,Kachkuli,3524,1810,1714,750,1163,70,71,813,438,2273,296,94,137,286
322170,Balagari Char,5305,2725,2580,1129,1432,53,77.5,1224,659,3422,406,108,180,530
322190,Manasapota,4544,2334,2210,967,1181,45,78,1048,565,2931,348,92,154,454
322196,Tarinipur,3305,1697,1608,703,925,66,76.5,762,411,2132,266,77,120,299
322203,Kumarpur,3030,1556,1474,645,879,61,75.5,699,377,1954,244,71,110,274
322215,Inayetpur,3897,2001,1896,829,1052,39,77,899,484,2514,314,91,142,352
322243,Narayanpur,3219,1653,1566,685,805,32,78.5,743,400,2076,246,66,109,322
321803,Chandan Nagar,5419,2783,2636,1153,1842,108,72.5,1251,673,3495,456,144,210,441
321815,Banpur,5888,3024,2864,1253,1943,118,73,1358,732,3798,496,156,228,478
321820,Gede,5396,2771,2625,1148,1889,108,71,1245,671,3480,454,144,209,438
321821,Matiari,7301,3750,3551,1553,2336,146,72,1685,907,4709,615,194,283,593
321824,Tungi,7803,4008,3795,1660,2419,156,73.5,1801,969,5033,657,207,302,635
321828,Majhdia,11995,6161,5834,2552,3838,240,74,2768,1490,7737,1010,319,465,974
321199,Chanderghat,8399,4314,4085,1787,2604,168,69.5,1938,1044,5417,727,242,339,630
321204,Syamnagar,7470,3837,3633,1589,2241,149,70,1724,928,4818,647,215,302,560
321234,Betai,20774,10670,10104,4420,6024,415,71,4794,2581,13399,1798,599,839,1558
321246,Tehatta,21093,10833,10260,4488,6328,422,72,4867,2621,13605,1826,608,852,1581
321255,Puthimari,9157,4703,4454,1948,2839,183,70.5,2113,1138,5906,793,264,370,686
321256,Pathar Ghata,16219,8330,7889,3451,5190,324,69,3743,2015,10461,1404,468,655,1216
